date,price_â‚¬/MWh,source
2025-04-01 00:00:00,53.72600868108177,mock
2025-04-01 01:00:00,65.53511327068838,mock
2025-04-01 02:00:00,34.71028333248878,mock
2025-04-01 03:00:00,63.48698398028283,mock
2025-04-01 04:00:00,55.17169832588907,mock
2025-04-01 05:00:00,30.85342272088802,mock
2025-04-01 06:00:00,38.26444380072357,mock
2025-04-01 07:00:00,35.984983621254266,mock
2025-04-01 08:00:00,56.99963590636261,mock
2025-04-01 09:00:00,69.77049494097751,mock
2025-04-01 10:00:00,64.40289381942854,mock
2025-04-01 11:00:00,63.639897554796384,mock
2025-04-01 12:00:00,63.715409368724096,mock
2025-04-01 13:00:00,67.69314948729033,mock
2025-04-01 14:00:00,44.68319343025399,mock
2025-04-01 15:00:00,36.18201310407224,mock
2025-04-01 16:00:00,42.1257611947198,mock
2025-04-01 17:00:00,68.99626041645135,mock
2025-04-01 18:00:00,61.1831443910008,mock
2025-04-01 19:00:00,44.34075227417754,mock
2025-04-01 20:00:00,55.20578722121749,mock
2025-04-01 21:00:00,66.36532824752582,mock
2025-04-01 22:00:00,57.940590690505,mock
2025-04-01 23:00:00,66.82753372322762,mock
2025-04-02 00:00:00,68.39812419297527,mock
2025-04-02 01:00:00,44.10290976515415,mock
2025-04-02 02:00:00,48.360415768565645,mock
2025-04-02 03:00:00,41.54016285052615,mock
2025-04-02 04:00:00,65.8545427694317,mock
2025-04-02 05:00:00,59.13252658471377,mock
2025-04-02 06:00:00,43.59543883851104,mock
2025-04-02 07:00:00,47.53795713120799,mock
2025-04-02 08:00:00,30.156456415144007,mock
2025-04-02 09:00:00,31.84841253609626,mock
2025-04-02 10:00:00,55.84966474336572,mock
2025-04-02 11:00:00,47.59470330191078,mock
2025-04-02 12:00:00,34.053938891927224,mock
2025-04-02 13:00:00,55.24915208580761,mock
2025-04-02 14:00:00,50.15150274984212,mock
2025-04-02 15:00:00,49.59023560075774,mock
2025-04-02 16:00:00,46.561600817676194,mock
2025-04-02 17:00:00,34.26162727042432,mock
2025-04-02 18:00:00,36.44997782649246,mock
2025-04-02 19:00:00,35.94687144713446,mock
2025-04-02 20:00:00,52.26789098742568,mock
2025-04-02 21:00:00,61.85242176279175,mock
2025-04-02 22:00:00,33.25231779564565,mock
2025-04-02 23:00:00,35.16137045321621,mock
2025-04-03 00:00:00,43.60673324913844,mock
2025-04-03 01:00:00,62.92295979208512,mock
2025-04-03 02:00:00,51.48745980132182,mock
2025-04-03 03:00:00,37.192724432491495,mock
2025-04-03 04:00:00,64.6814188692482,mock
2025-04-03 05:00:00,33.76612750355485,mock
2025-04-03 06:00:00,45.92119883371626,mock
2025-04-03 07:00:00,49.181972918701405,mock
2025-04-03 08:00:00,36.65042473468368,mock
2025-04-03 09:00:00,41.01395627292693,mock
2025-04-03 10:00:00,32.46821000601703,mock
2025-04-03 11:00:00,62.851628050149095,mock
2025-04-03 12:00:00,36.8881906091009,mock
2025-04-03 13:00:00,37.785420480673274,mock
2025-04-03 14:00:00,51.03618159230752,mock
2025-04-03 15:00:00,43.0186492287264,mock
2025-04-03 16:00:00,57.26352533028712,mock
2025-04-03 17:00:00,45.10029011941479,mock
2025-04-03 18:00:00,40.840142851007144,mock
2025-04-03 19:00:00,54.30426529687715,mock
2025-04-03 20:00:00,49.13698545844507,mock
2025-04-03 21:00:00,59.18058872601843,mock
2025-04-03 22:00:00,51.884422388982685,mock
2025-04-03 23:00:00,31.794963930484137,mock
2025-04-04 00:00:00,54.81991049986153,mock
2025-04-04 01:00:00,30.635749756655223,mock
2025-04-04 02:00:00,45.55803454288123,mock
2025-04-04 03:00:00,39.7512541065081,mock
2025-04-04 04:00:00,67.57362074334029,mock
2025-04-04 05:00:00,43.694872012741044,mock
2025-04-04 06:00:00,61.15752683407891,mock
2025-04-04 07:00:00,34.54418972848078,mock
2025-04-04 08:00:00,63.220927510544605,mock
2025-04-04 09:00:00,36.31173886677041,mock
2025-04-04 10:00:00,60.39021228860944,mock
2025-04-04 11:00:00,31.955019051953137,mock
2025-04-04 12:00:00,35.76551230124282,mock
2025-04-04 13:00:00,47.65422627285084,mock
2025-04-04 14:00:00,65.72512962788669,mock
2025-04-04 15:00:00,35.77683996085328,mock
2025-04-04 16:00:00,44.492119804841245,mock
2025-04-04 17:00:00,56.79540139305885,mock
2025-04-04 18:00:00,67.71269446018826,mock
2025-04-04 19:00:00,44.70983972254202,mock
2025-04-04 20:00:00,56.67590408926047,mock
2025-04-04 21:00:00,42.607310899343645,mock
2025-04-04 22:00:00,51.413322001118615,mock
2025-04-04 23:00:00,61.364410557602646,mock
2025-04-05 00:00:00,32.173631425593,mock
2025-04-05 01:00:00,49.90177098631035,mock
2025-04-05 02:00:00,62.12017734797294,mock
2025-04-05 03:00:00,62.71707375395876,mock
2025-04-05 04:00:00,41.26036079558169,mock
2025-04-05 05:00:00,38.469705953437774,mock
2025-04-05 06:00:00,62.73030997704922,mock
2025-04-05 07:00:00,42.73442172508555,mock
2025-04-05 08:00:00,31.123095034252128,mock
2025-04-05 09:00:00,59.437333250860384,mock
2025-04-05 10:00:00,52.46365988132205,mock
2025-04-05 11:00:00,64.82044348960686,mock
2025-04-05 12:00:00,62.740256180707306,mock
2025-04-05 13:00:00,49.00786290351482,mock
2025-04-05 14:00:00,64.08757995775014,mock
2025-04-05 15:00:00,69.62917365382287,mock
2025-04-05 16:00:00,64.99923643205588,mock
2025-04-05 17:00:00,54.312678460894666,mock
2025-04-05 18:00:00,43.162627064085946,mock
2025-04-05 19:00:00,57.66030426706303,mock
2025-04-05 20:00:00,36.17637696046985,mock
2025-04-05 21:00:00,45.700015658073355,mock
2025-04-05 22:00:00,54.101036966913426,mock
2025-04-05 23:00:00,59.0516919555977,mock
2025-04-06 00:00:00,38.32794589673364,mock
2025-04-06 01:00:00,54.39746333635732,mock
2025-04-06 02:00:00,63.58081058869683,mock
2025-04-06 03:00:00,37.832540193861085,mock
2025-04-06 04:00:00,51.5812707351777,mock
2025-04-06 05:00:00,61.60072493816504,mock
2025-04-06 06:00:00,40.06449525410358,mock
2025-04-06 07:00:00,58.29242557569885,mock
2025-04-06 08:00:00,47.665704439386005,mock
2025-04-06 09:00:00,42.3466255280907,mock
2025-04-06 10:00:00,61.015142581446156,mock
2025-04-06 11:00:00,56.61814820912748,mock
2025-04-06 12:00:00,39.752376533281435,mock
2025-04-06 13:00:00,38.23473421621871,mock
2025-04-06 14:00:00,30.426480241505736,mock
2025-04-06 15:00:00,61.07564176125918,mock
2025-04-06 16:00:00,54.98926880091035,mock
2025-04-06 17:00:00,30.447788850689584,mock
2025-04-06 18:00:00,64.6258288788163,mock
2025-04-06 19:00:00,69.48541995800844,mock
2025-04-06 20:00:00,36.925360397410735,mock
2025-04-06 21:00:00,57.29351232073724,mock
2025-04-06 22:00:00,36.86051046736577,mock
2025-04-06 23:00:00,40.87118153205532,mock
2025-04-07 00:00:00,32.407606500203876,mock
2025-04-07 01:00:00,49.98133116106746,mock
2025-04-07 02:00:00,40.82533514834938,mock
2025-04-07 03:00:00,45.80549403159052,mock
2025-04-07 04:00:00,53.646872141752866,mock
2025-04-07 05:00:00,54.77860213434889,mock
2025-04-07 06:00:00,62.3673446257127,mock
2025-04-07 07:00:00,52.847684369387906,mock
2025-04-07 08:00:00,68.87813046554395,mock
2025-04-07 09:00:00,56.80671322016231,mock
2025-04-07 10:00:00,45.277730719179445,mock
2025-04-07 11:00:00,55.78133852666418,mock
2025-04-07 12:00:00,40.80399355534707,mock
2025-04-07 13:00:00,54.7535908121777,mock
2025-04-07 14:00:00,45.06277119217543,mock
2025-04-07 15:00:00,48.24502060348132,mock
2025-04-07 16:00:00,36.465014090792366,mock
2025-04-07 17:00:00,54.6854408913367,mock
2025-04-07 18:00:00,62.450921910232935,mock
2025-04-07 19:00:00,39.363930153653456,mock
2025-04-07 20:00:00,46.26503141564071,mock
2025-04-07 21:00:00,33.18729821388392,mock
2025-04-07 22:00:00,65.9258342072364,mock
2025-04-07 23:00:00,56.13350413852601,mock
2025-04-08 00:00:00,66.64667280391808,mock
2025-04-08 01:00:00,44.96356175634695,mock
2025-04-08 02:00:00,36.02392673668191,mock
2025-04-08 03:00:00,54.87868214344965,mock
2025-04-08 04:00:00,60.04837203719124,mock
2025-04-08 05:00:00,50.38166773043665,mock
2025-04-08 06:00:00,61.01343894560955,mock
2025-04-08 07:00:00,52.751821948109026,mock
2025-04-08 08:00:00,61.297799243436195,mock
2025-04-08 09:00:00,34.1274033092341,mock
2025-04-08 10:00:00,56.55036176613109,mock
2025-04-08 11:00:00,36.56764000462854,mock
2025-04-08 12:00:00,63.90562458050053,mock
2025-04-08 13:00:00,31.481703322270956,mock
2025-04-08 14:00:00,58.15414858789093,mock
2025-04-08 15:00:00,63.16930359574429,mock
2025-04-08 16:00:00,55.58765167485899,mock
2025-04-08 17:00:00,33.65025932495581,mock
2025-04-08 18:00:00,63.8060670147518,mock
2025-04-08 19:00:00,30.263891910791763,mock
2025-04-08 20:00:00,32.061616203688175,mock
2025-04-08 21:00:00,47.68542201258202,mock
2025-04-08 22:00:00,45.11871577522334,mock
2025-04-08 23:00:00,68.79995575955883,mock
2025-04-09 00:00:00,40.51727057829046,mock
2025-04-09 01:00:00,45.533011506298735,mock
2025-04-09 02:00:00,64.68379705453157,mock
2025-04-09 03:00:00,62.60966360228254,mock
2025-04-09 04:00:00,45.090128506885925,mock
2025-04-09 05:00:00,31.655642930908776,mock
2025-04-09 06:00:00,67.5394120551386,mock
2025-04-09 07:00:00,57.95131057287938,mock
2025-04-09 08:00:00,60.033158703345165,mock
2025-04-09 09:00:00,68.40227363677838,mock
2025-04-09 10:00:00,55.38669086836561,mock
2025-04-09 11:00:00,52.17508199615577,mock
2025-04-09 12:00:00,51.29261960972777,mock
2025-04-09 13:00:00,40.35420483677779,mock
2025-04-09 14:00:00,50.854514396844664,mock
2025-04-09 15:00:00,65.52984291388152,mock
2025-04-09 16:00:00,52.884647806681656,mock
2025-04-09 17:00:00,37.80855118364839,mock
2025-04-09 18:00:00,34.965878190999064,mock
2025-04-09 19:00:00,57.685771106637375,mock
2025-04-09 20:00:00,45.30816098797448,mock
2025-04-09 21:00:00,55.906423717735905,mock
2025-04-09 22:00:00,39.664054240214384,mock
2025-04-09 23:00:00,69.52108284839616,mock
2025-04-10 00:00:00,30.079538863612058,mock
2025-04-10 01:00:00,69.1406002173771,mock
2025-04-10 02:00:00,30.526389745791406,mock
2025-04-10 03:00:00,35.609466328740645,mock
2025-04-10 04:00:00,49.55128130057567,mock
2025-04-10 05:00:00,51.243422349980186,mock
2025-04-10 06:00:00,51.09543583057268,mock
2025-04-10 07:00:00,49.13734419743347,mock
2025-04-10 08:00:00,54.69683559150393,mock
2025-04-10 09:00:00,50.37115629344009,mock
2025-04-10 10:00:00,36.11939280119101,mock
2025-04-10 11:00:00,33.34121900681429,mock
2025-04-10 12:00:00,55.28109363006647,mock
2025-04-10 13:00:00,65.50560093376146,mock
2025-04-10 14:00:00,66.26786580956959,mock
2025-04-10 15:00:00,59.21799610110942,mock
2025-04-10 16:00:00,38.60292106734781,mock
2025-04-10 17:00:00,61.648120902384,mock
2025-04-10 18:00:00,63.12195018400396,mock
2025-04-10 19:00:00,48.01999366210919,mock
2025-04-10 20:00:00,66.31013944772786,mock
2025-04-10 21:00:00,39.686459055187555,mock
2025-04-10 22:00:00,46.23546350963288,mock
2025-04-10 23:00:00,62.07796904477276,mock
2025-04-11 00:00:00,69.86915522811121,mock
2025-04-11 01:00:00,54.0895943779595,mock
2025-04-11 02:00:00,61.60928866734156,mock
2025-04-11 03:00:00,45.958222843497026,mock
2025-04-11 04:00:00,49.83870620985701,mock
2025-04-11 05:00:00,44.59190709995257,mock
2025-04-11 06:00:00,30.408805504618286,mock
2025-04-11 07:00:00,32.18738166022371,mock
2025-04-11 08:00:00,35.97682543674154,mock
2025-04-11 09:00:00,68.25693241831695,mock
2025-04-11 10:00:00,56.79366612935935,mock
2025-04-11 11:00:00,62.90925255868743,mock
2025-04-11 12:00:00,34.25023990732784,mock
2025-04-11 13:00:00,35.50227095530112,mock
2025-04-11 14:00:00,46.776024506558855,mock
2025-04-11 15:00:00,65.4231021759231,mock
2025-04-11 16:00:00,34.4678374649342,mock
2025-04-11 17:00:00,59.37326495102701,mock
2025-04-11 18:00:00,35.02221337215531,mock
2025-04-11 19:00:00,68.44157753544673,mock
2025-04-11 20:00:00,63.413206537023605,mock
2025-04-11 21:00:00,55.018244695546535,mock
2025-04-11 22:00:00,47.64677008400501,mock
2025-04-11 23:00:00,63.96300003112299,mock
2025-04-12 00:00:00,46.50680718631561,mock
2025-04-12 01:00:00,61.04348981626378,mock
2025-04-12 02:00:00,56.34115304998548,mock
2025-04-12 03:00:00,51.921092833323804,mock
2025-04-12 04:00:00,39.02105201491022,mock
2025-04-12 05:00:00,54.388280802662976,mock
2025-04-12 06:00:00,62.19944860107149,mock
2025-04-12 07:00:00,33.39097979199714,mock
2025-04-12 08:00:00,69.97460804719452,mock
2025-04-12 09:00:00,47.05413687664956,mock
2025-04-12 10:00:00,60.26893054878418,mock
2025-04-12 11:00:00,69.5183715937579,mock
2025-04-12 12:00:00,56.57605062129033,mock
2025-04-12 13:00:00,46.65098156194733,mock
2025-04-12 14:00:00,39.81464640502743,mock
2025-04-12 15:00:00,39.79278231830295,mock
2025-04-12 16:00:00,61.587741612191515,mock
2025-04-12 17:00:00,40.6047132940952,mock
2025-04-12 18:00:00,69.42193366428486,mock
2025-04-12 19:00:00,43.62672346102583,mock
2025-04-12 20:00:00,55.62894979031293,mock
2025-04-12 21:00:00,44.48683273634565,mock
2025-04-12 22:00:00,30.17130602448929,mock
2025-04-12 23:00:00,54.871678285414916,mock
2025-04-13 00:00:00,68.8831876725221,mock
2025-04-13 01:00:00,66.14057119283716,mock
2025-04-13 02:00:00,67.06300166222859,mock
2025-04-13 03:00:00,33.37417486277159,mock
2025-04-13 04:00:00,60.72234086306386,mock
2025-04-13 05:00:00,44.50349486978496,mock
2025-04-13 06:00:00,64.2105977214803,mock
2025-04-13 07:00:00,64.59238912465553,mock
2025-04-13 08:00:00,59.02453392144598,mock
2025-04-13 09:00:00,62.48403194325523,mock
2025-04-13 10:00:00,52.99285605898106,mock
2025-04-13 11:00:00,61.45962456697432,mock
2025-04-13 12:00:00,35.083716475309274,mock
2025-04-13 13:00:00,59.02732718406496,mock
2025-04-13 14:00:00,48.35610742716368,mock
2025-04-13 15:00:00,43.59560334325807,mock
2025-04-13 16:00:00,52.973734086701704,mock
2025-04-13 17:00:00,58.68646431291144,mock
2025-04-13 18:00:00,35.012022704645965,mock
2025-04-13 19:00:00,35.086726096999875,mock
2025-04-13 20:00:00,63.75503869542238,mock
2025-04-13 21:00:00,40.84114736450138,mock
2025-04-13 22:00:00,57.63249163765093,mock
2025-04-13 23:00:00,65.08135967101248,mock
2025-04-14 00:00:00,60.152067968046126,mock
2025-04-14 01:00:00,37.21009736540738,mock
2025-04-14 02:00:00,66.52921480983956,mock
2025-04-14 03:00:00,55.638905753324124,mock
2025-04-14 04:00:00,41.602946120639444,mock
2025-04-14 05:00:00,67.95105848583526,mock
2025-04-14 06:00:00,55.41388514877411,mock
2025-04-14 07:00:00,54.85745917839516,mock
2025-04-14 08:00:00,57.98528877739365,mock
2025-04-14 09:00:00,34.464526379169776,mock
2025-04-14 10:00:00,31.095735222276396,mock
2025-04-14 11:00:00,37.84358559489029,mock
2025-04-14 12:00:00,55.35656371245469,mock
2025-04-14 13:00:00,47.60515775302587,mock
2025-04-14 14:00:00,41.109266142652885,mock
2025-04-14 15:00:00,56.6819149256543,mock
2025-04-14 16:00:00,35.428702529691954,mock
2025-04-14 17:00:00,56.90349463352568,mock
2025-04-14 18:00:00,51.96638430452171,mock
2025-04-14 19:00:00,33.69932222695442,mock
2025-04-14 20:00:00,33.342792233857715,mock
2025-04-14 21:00:00,41.38123046784919,mock
2025-04-14 22:00:00,57.04466952392815,mock
2025-04-14 23:00:00,58.20262352256141,mock
2025-04-15 00:00:00,48.3249680737214,mock
2025-04-15 01:00:00,62.580515169341965,mock
2025-04-15 02:00:00,52.97417902073806,mock
2025-04-15 03:00:00,43.24647441084341,mock
2025-04-15 04:00:00,64.16796381848019,mock
2025-04-15 05:00:00,38.26984854772708,mock
2025-04-15 06:00:00,56.77246209403034,mock
2025-04-15 07:00:00,35.440352530733826,mock
2025-04-15 08:00:00,63.5554069594674,mock
2025-04-15 09:00:00,42.357797903228814,mock
2025-04-15 10:00:00,47.17436445852561,mock
2025-04-15 11:00:00,68.40443827648186,mock
2025-04-15 12:00:00,51.08749771831617,mock
2025-04-15 13:00:00,40.25884914531362,mock
2025-04-15 14:00:00,34.284434767830746,mock
2025-04-15 15:00:00,69.76520771231783,mock
2025-04-15 16:00:00,58.00677526539647,mock
2025-04-15 17:00:00,34.488763555461894,mock
2025-04-15 18:00:00,33.9702072811648,mock
2025-04-15 19:00:00,47.84723325609373,mock
2025-04-15 20:00:00,68.50408435704735,mock
2025-04-15 21:00:00,63.32662757354019,mock
2025-04-15 22:00:00,51.14349054645088,mock
2025-04-15 23:00:00,59.34616232235246,mock
2025-04-16 00:00:00,44.123815255444626,mock
2025-04-16 01:00:00,67.75978405517095,mock
2025-04-16 02:00:00,33.71392533045476,mock
2025-04-16 03:00:00,39.521893529187196,mock
2025-04-16 04:00:00,51.55136109366921,mock
2025-04-16 05:00:00,45.64102012073113,mock
2025-04-16 06:00:00,56.0971862757373,mock
2025-04-16 07:00:00,33.011118145045266,mock
2025-04-16 08:00:00,39.94519269317057,mock
2025-04-16 09:00:00,35.22790964010892,mock
2025-04-16 10:00:00,66.50598487811011,mock
2025-04-16 11:00:00,50.02980641860739,mock
2025-04-16 12:00:00,61.73230014952247,mock
2025-04-16 13:00:00,42.08893980930299,mock
2025-04-16 14:00:00,48.41225587437073,mock
2025-04-16 15:00:00,60.59177477014203,mock
2025-04-16 16:00:00,51.505071691508846,mock
2025-04-16 17:00:00,43.811807550429094,mock
2025-04-16 18:00:00,37.04509799421869,mock
2025-04-16 19:00:00,59.89974804436722,mock
2025-04-16 20:00:00,49.15575757479388,mock
2025-04-16 21:00:00,48.18508974262467,mock
2025-04-16 22:00:00,36.52928480289376,mock
2025-04-16 23:00:00,61.69659611899762,mock
2025-04-17 00:00:00,35.7894512750558,mock
2025-04-17 01:00:00,68.39474657640707,mock
2025-04-17 02:00:00,56.48345933084393,mock
2025-04-17 03:00:00,37.11069971830156,mock
2025-04-17 04:00:00,35.2447982330844,mock
2025-04-17 05:00:00,51.07076613988735,mock
2025-04-17 06:00:00,66.51416262272662,mock
2025-04-17 07:00:00,30.37121330463226,mock
2025-04-17 08:00:00,54.9834901608089,mock
2025-04-17 09:00:00,54.358295597326205,mock
2025-04-17 10:00:00,69.15644424099808,mock
2025-04-17 11:00:00,30.210787644255042,mock
2025-04-17 12:00:00,65.44529768572914,mock
2025-04-17 13:00:00,49.88126220336369,mock
2025-04-17 14:00:00,56.14702102575925,mock
2025-04-17 15:00:00,57.0272845347866,mock
2025-04-17 16:00:00,35.58788745282663,mock
2025-04-17 17:00:00,68.95077246863923,mock
2025-04-17 18:00:00,42.996928538119036,mock
2025-04-17 19:00:00,34.788359056932244,mock
2025-04-17 20:00:00,45.914297619585085,mock
2025-04-17 21:00:00,41.81329041397596,mock
2025-04-17 22:00:00,65.9151244909593,mock
2025-04-17 23:00:00,48.97786287186027,mock
2025-04-18 00:00:00,45.44540754093585,mock
2025-04-18 01:00:00,47.68715578109429,mock
2025-04-18 02:00:00,42.02571252930443,mock
2025-04-18 03:00:00,60.400546833001265,mock
2025-04-18 04:00:00,59.30493137369183,mock
2025-04-18 05:00:00,68.92853540511166,mock
2025-04-18 06:00:00,55.58607737525023,mock
2025-04-18 07:00:00,59.225728380896655,mock
2025-04-18 08:00:00,50.40134215196986,mock
2025-04-18 09:00:00,64.84522799686191,mock
2025-04-18 10:00:00,56.212488396392594,mock
2025-04-18 11:00:00,42.84752393470315,mock
2025-04-18 12:00:00,34.625926990336595,mock
2025-04-18 13:00:00,53.013621048560886,mock
2025-04-18 14:00:00,49.17634435226066,mock
2025-04-18 15:00:00,61.586142929210354,mock
2025-04-18 16:00:00,63.41930026491497,mock
2025-04-18 17:00:00,67.87124059268527,mock
2025-04-18 18:00:00,32.410234823871974,mock
2025-04-18 19:00:00,66.2693253629705,mock
2025-04-18 20:00:00,48.40813792804717,mock
2025-04-18 21:00:00,42.76778969343651,mock
2025-04-18 22:00:00,64.08699909137695,mock
2025-04-18 23:00:00,37.05997878398948,mock
2025-04-19 00:00:00,67.94454080728426,mock
2025-04-19 01:00:00,51.33676953015821,mock
2025-04-19 02:00:00,34.50435364740076,mock
2025-04-19 03:00:00,37.43663670885554,mock
2025-04-19 04:00:00,68.4425523405688,mock
2025-04-19 05:00:00,52.16748663294061,mock
2025-04-19 06:00:00,43.66466833389699,mock
2025-04-19 07:00:00,62.198051508168135,mock
2025-04-19 08:00:00,32.930933395143065,mock
2025-04-19 09:00:00,30.049059148433322,mock
2025-04-19 10:00:00,35.12140703485431,mock
2025-04-19 11:00:00,35.477431940715306,mock
2025-04-19 12:00:00,31.90518542762186,mock
2025-04-19 13:00:00,35.01033698445235,mock
2025-04-19 14:00:00,67.51717494234292,mock
2025-04-19 15:00:00,53.770755978581455,mock
2025-04-19 16:00:00,41.03230216751936,mock
2025-04-19 17:00:00,33.1852651506223,mock
2025-04-19 18:00:00,62.85594994015986,mock
2025-04-19 19:00:00,67.07710820963305,mock
2025-04-19 20:00:00,46.084040230992855,mock
2025-04-19 21:00:00,61.31567954264497,mock
2025-04-19 22:00:00,40.530669666981034,mock
2025-04-19 23:00:00,32.519352414739714,mock
2025-04-20 00:00:00,62.75226165381416,mock
2025-04-20 01:00:00,42.92714501154204,mock
2025-04-20 02:00:00,65.69333703377922,mock
2025-04-20 03:00:00,33.61876811643527,mock
2025-04-20 04:00:00,63.39574301288651,mock
2025-04-20 05:00:00,40.967305874792274,mock
2025-04-20 06:00:00,56.01313205375575,mock
2025-04-20 07:00:00,62.27817434387439,mock
2025-04-20 08:00:00,65.41033045544125,mock
2025-04-20 09:00:00,69.76784409073777,mock
2025-04-20 10:00:00,48.78514266676413,mock
2025-04-20 11:00:00,38.106905051838524,mock
2025-04-20 12:00:00,69.17672165722496,mock
2025-04-20 13:00:00,51.66620016213703,mock
2025-04-20 14:00:00,39.05553404913728,mock
2025-04-20 15:00:00,68.63992794296408,mock
2025-04-20 16:00:00,44.35728699792321,mock
2025-04-20 17:00:00,50.97409176171577,mock
2025-04-20 18:00:00,37.40803125191472,mock
2025-04-20 19:00:00,59.233070164730435,mock
2025-04-20 20:00:00,45.268338247218274,mock
2025-04-20 21:00:00,66.52185940378027,mock
2025-04-20 22:00:00,66.26472193700842,mock
2025-04-20 23:00:00,68.03587712986635,mock
2025-04-21 00:00:00,68.26712387228869,mock
2025-04-21 01:00:00,60.06646278766193,mock
2025-04-21 02:00:00,57.38423276921344,mock
2025-04-21 03:00:00,31.109984391850624,mock
2025-04-21 04:00:00,67.67565451146322,mock
2025-04-21 05:00:00,43.32319327584985,mock
2025-04-21 06:00:00,50.03699950245235,mock
2025-04-21 07:00:00,64.58944914478474,mock
2025-04-21 08:00:00,39.39410949746399,mock
2025-04-21 09:00:00,49.17669879643136,mock
2025-04-21 10:00:00,58.11593554237837,mock
2025-04-21 11:00:00,45.36432528337342,mock
2025-04-21 12:00:00,48.89212309213177,mock
2025-04-21 13:00:00,49.609306939238394,mock
2025-04-21 14:00:00,47.58117327668819,mock
2025-04-21 15:00:00,53.68629170875387,mock
2025-04-21 16:00:00,33.30362055539376,mock
2025-04-21 17:00:00,61.528055003849055,mock
2025-04-21 18:00:00,30.305048347726515,mock
2025-04-21 19:00:00,63.79803411776635,mock
2025-04-21 20:00:00,33.93466144513086,mock
2025-04-21 21:00:00,69.50752171899651,mock
2025-04-21 22:00:00,43.482315521394014,mock
2025-04-21 23:00:00,34.704848903238315,mock
2025-04-22 00:00:00,63.436933997658485,mock
2025-04-22 01:00:00,68.03961895554616,mock
2025-04-22 02:00:00,62.09553992528256,mock
2025-04-22 03:00:00,64.5200353591089,mock
2025-04-22 04:00:00,41.61980161371589,mock
2025-04-22 05:00:00,37.49803307087854,mock
2025-04-22 06:00:00,37.43917521252789,mock
2025-04-22 07:00:00,64.72980092302772,mock
2025-04-22 08:00:00,42.460447795693625,mock
2025-04-22 09:00:00,58.56003776834184,mock
2025-04-22 10:00:00,50.590984689406,mock
2025-04-22 11:00:00,57.41007853914912,mock
2025-04-22 12:00:00,63.034521152939305,mock
2025-04-22 13:00:00,37.27952651582589,mock
2025-04-22 14:00:00,56.93030848295963,mock
2025-04-22 15:00:00,38.787979098526435,mock
2025-04-22 16:00:00,32.201337872543895,mock
2025-04-22 17:00:00,39.35305192119563,mock
2025-04-22 18:00:00,51.606513112467525,mock
2025-04-22 19:00:00,48.88546086439225,mock
2025-04-22 20:00:00,63.18240786706979,mock
2025-04-22 21:00:00,47.51840148036769,mock
2025-04-22 22:00:00,63.462069527499125,mock
2025-04-22 23:00:00,56.60825165349461,mock
2025-04-23 00:00:00,35.642539676973556,mock
2025-04-23 01:00:00,63.97262608476395,mock
2025-04-23 02:00:00,56.44528629524378,mock
2025-04-23 03:00:00,57.83968372253226,mock
2025-04-23 04:00:00,62.203954714213346,mock
2025-04-23 05:00:00,64.46394804808051,mock
2025-04-23 06:00:00,53.61098331755534,mock
2025-04-23 07:00:00,55.103624665913074,mock
2025-04-23 08:00:00,47.43805334727645,mock
2025-04-23 09:00:00,45.30223486486629,mock
2025-04-23 10:00:00,43.535331992878234,mock
2025-04-23 11:00:00,56.47348655148939,mock
2025-04-23 12:00:00,30.22648822272238,mock
2025-04-23 13:00:00,58.30035248307852,mock
2025-04-23 14:00:00,30.851200496798505,mock
2025-04-23 15:00:00,31.385186785751987,mock
2025-04-23 16:00:00,67.97366015620005,mock
2025-04-23 17:00:00,56.77574858411841,mock
2025-04-23 18:00:00,42.612472172129046,mock
2025-04-23 19:00:00,32.177817889148905,mock
2025-04-23 20:00:00,56.95800057604193,mock
2025-04-23 21:00:00,38.84223937626413,mock
2025-04-23 22:00:00,58.947273578453995,mock
2025-04-23 23:00:00,61.54566472138823,mock
2025-04-24 00:00:00,65.82365922685494,mock
2025-04-24 01:00:00,49.41445988548074,mock
2025-04-24 02:00:00,37.0889737854787,mock
2025-04-24 03:00:00,50.76176755233301,mock
2025-04-24 04:00:00,51.0872864807409,mock
2025-04-24 05:00:00,38.14278211411484,mock
2025-04-24 06:00:00,69.69295420460796,mock
2025-04-24 07:00:00,37.1477000628714,mock
2025-04-24 08:00:00,38.58988421981619,mock
2025-04-24 09:00:00,59.65542365617182,mock
2025-04-24 10:00:00,31.99075467739922,mock
2025-04-24 11:00:00,48.305604528284256,mock
2025-04-24 12:00:00,63.79828603605898,mock
2025-04-24 13:00:00,37.55745824008846,mock
2025-04-24 14:00:00,49.75723968980439,mock
2025-04-24 15:00:00,42.05831380426799,mock
2025-04-24 16:00:00,61.082739588291155,mock
2025-04-24 17:00:00,67.57486515058314,mock
2025-04-24 18:00:00,49.87188239461425,mock
2025-04-24 19:00:00,38.62810182412615,mock
2025-04-24 20:00:00,37.91390928791374,mock
2025-04-24 21:00:00,35.03967914754953,mock
2025-04-24 22:00:00,64.6022432417452,mock
2025-04-24 23:00:00,33.55739351116272,mock
2025-04-25 00:00:00,64.31133536799436,mock
2025-04-25 01:00:00,31.764312346295252,mock
2025-04-25 02:00:00,43.42178774268997,mock
2025-04-25 03:00:00,58.473453292622736,mock
2025-04-25 04:00:00,54.827152279748994,mock
2025-04-25 05:00:00,44.92708904414542,mock
2025-04-25 06:00:00,36.08455658438145,mock
2025-04-25 07:00:00,51.73317066511299,mock
2025-04-25 08:00:00,30.105364141417155,mock
2025-04-25 09:00:00,61.3688260941454,mock
2025-04-25 10:00:00,40.220608092200294,mock
2025-04-25 11:00:00,68.30014069011631,mock
2025-04-25 12:00:00,45.16124018461913,mock
2025-04-25 13:00:00,68.99754842379801,mock
2025-04-25 14:00:00,50.78776469971211,mock
2025-04-25 15:00:00,66.71939405830932,mock
2025-04-25 16:00:00,46.20337503556611,mock
2025-04-25 17:00:00,62.29507238484799,mock
2025-04-25 18:00:00,67.61076423004187,mock
2025-04-25 19:00:00,47.52101744605254,mock
2025-04-25 20:00:00,43.67479518622648,mock
2025-04-25 21:00:00,50.94264964372279,mock
2025-04-25 22:00:00,46.458102915946554,mock
2025-04-25 23:00:00,64.39107744948427,mock
2025-04-26 00:00:00,50.22528670521605,mock
2025-04-26 01:00:00,63.949841590049004,mock
2025-04-26 02:00:00,53.54514811539576,mock
2025-04-26 03:00:00,41.521775849225264,mock
2025-04-26 04:00:00,61.008468294904375,mock
2025-04-26 05:00:00,30.526225858640753,mock
2025-04-26 06:00:00,32.6792849989089,mock
2025-04-26 07:00:00,37.855693155340866,mock
2025-04-26 08:00:00,51.097119801574124,mock
2025-04-26 09:00:00,39.24669304221078,mock
2025-04-26 10:00:00,47.98307917839801,mock
2025-04-26 11:00:00,64.17678907245774,mock
2025-04-26 12:00:00,67.4635463736235,mock
2025-04-26 13:00:00,51.3453096244037,mock
2025-04-26 14:00:00,69.76371041634282,mock
2025-04-26 15:00:00,52.929969265195396,mock
2025-04-26 16:00:00,65.79402653945394,mock
2025-04-26 17:00:00,53.843861860087515,mock
2025-04-26 18:00:00,31.753091609026903,mock
2025-04-26 19:00:00,44.65685355149682,mock
2025-04-26 20:00:00,61.80176620649064,mock
2025-04-26 21:00:00,68.89700363033973,mock
2025-04-26 22:00:00,33.940543734973566,mock
2025-04-26 23:00:00,45.87573851816357,mock
2025-04-27 00:00:00,60.83600871923122,mock
2025-04-27 01:00:00,58.79720079393313,mock
2025-04-27 02:00:00,60.8806602147152,mock
2025-04-27 03:00:00,34.05013881686839,mock
2025-04-27 04:00:00,43.1221339375482,mock
2025-04-27 05:00:00,55.077125246252976,mock
2025-04-27 06:00:00,32.12754832077093,mock
2025-04-27 07:00:00,44.603412753885415,mock
2025-04-27 08:00:00,44.943862148829005,mock
2025-04-27 09:00:00,37.61602177058781,mock
2025-04-27 10:00:00,57.432167284557465,mock
2025-04-27 11:00:00,32.551618049812504,mock
2025-04-27 12:00:00,34.40474984156516,mock
2025-04-27 13:00:00,41.01577764211757,mock
2025-04-27 14:00:00,57.395429515389864,mock
2025-04-27 15:00:00,58.04647694336575,mock
2025-04-27 16:00:00,30.627555227354847,mock
2025-04-27 17:00:00,37.50003720040477,mock
2025-04-27 18:00:00,35.36497907503039,mock
2025-04-27 19:00:00,52.217104102378606,mock
2025-04-27 20:00:00,34.66027349769776,mock
2025-04-27 21:00:00,55.40388548430079,mock
2025-04-27 22:00:00,31.060444423156454,mock
2025-04-27 23:00:00,37.44674837534331,mock
2025-04-28 00:00:00,48.323321101387734,mock
2025-04-28 01:00:00,65.8000877342801,mock
2025-04-28 02:00:00,41.25157640150985,mock
2025-04-28 03:00:00,38.86799733279475,mock
2025-04-28 04:00:00,45.1148648779845,mock
2025-04-28 05:00:00,38.0815443718895,mock
2025-04-28 06:00:00,37.9591678398293,mock
2025-04-28 07:00:00,60.595419196888216,mock
2025-04-28 08:00:00,65.77549947017044,mock
2025-04-28 09:00:00,66.23700642099146,mock
2025-04-28 10:00:00,42.99276983124831,mock
2025-04-28 11:00:00,41.797560867186824,mock
2025-04-28 12:00:00,62.3164346840273,mock
2025-04-28 13:00:00,66.68978815052947,mock
2025-04-28 14:00:00,50.324799240897384,mock
2025-04-28 15:00:00,68.19882594110311,mock
2025-04-28 16:00:00,56.65599502365929,mock
2025-04-28 17:00:00,37.127240841411016,mock
2025-04-28 18:00:00,53.00495827254959,mock
2025-04-28 19:00:00,41.43614084479422,mock
2025-04-28 20:00:00,65.91100621700875,mock
2025-04-28 21:00:00,58.63337134017777,mock
2025-04-28 22:00:00,63.69065878186346,mock
2025-04-28 23:00:00,69.99894518768862,mock
2025-04-29 00:00:00,35.21107388673724,mock
2025-04-29 01:00:00,34.181695334932215,mock
2025-04-29 02:00:00,46.635664003706765,mock
2025-04-29 03:00:00,61.65032787702113,mock
2025-04-29 04:00:00,67.2238480219728,mock
2025-04-29 05:00:00,51.628992224668906,mock
2025-04-29 06:00:00,40.10341311834657,mock
2025-04-29 07:00:00,66.41732168828574,mock
2025-04-29 08:00:00,68.3891812256243,mock
2025-04-29 09:00:00,56.67175119285269,mock
2025-04-29 10:00:00,57.77272540168045,mock
2025-04-29 11:00:00,52.38033952746138,mock
2025-04-29 12:00:00,62.284442278039634,mock
2025-04-29 13:00:00,44.58128474746581,mock
2025-04-29 14:00:00,54.19076165213111,mock
2025-04-29 15:00:00,31.320981041856655,mock
2025-04-29 16:00:00,55.49233875508618,mock
2025-04-29 17:00:00,64.84906886547242,mock
2025-04-29 18:00:00,47.97163439211386,mock
2025-04-29 19:00:00,33.35097922299884,mock
2025-04-29 20:00:00,34.37408498178791,mock
2025-04-29 21:00:00,42.39521786430866,mock
2025-04-29 22:00:00,34.60598595826569,mock
2025-04-29 23:00:00,30.49281961549818,mock
2025-04-30 00:00:00,35.19266969350285,mock
2025-04-30 01:00:00,36.489913650688365,mock
2025-04-30 02:00:00,53.11781363406567,mock
2025-04-30 03:00:00,68.20442694510503,mock
2025-04-30 04:00:00,33.08195324438761,mock
2025-04-30 05:00:00,57.1172659768861,mock
2025-04-30 06:00:00,55.299021313400814,mock
2025-04-30 07:00:00,50.67905160941238,mock
2025-04-30 08:00:00,55.91644230710699,mock
2025-04-30 09:00:00,61.89133635943122,mock
2025-04-30 10:00:00,43.382144514974016,mock
2025-04-30 11:00:00,50.01284298353754,mock
2025-04-30 12:00:00,48.8155799827117,mock
2025-04-30 13:00:00,45.99696386618117,mock
2025-04-30 14:00:00,47.58725667335974,mock
2025-04-30 15:00:00,47.09856770957251,mock
2025-04-30 16:00:00,57.35198090439992,mock
2025-04-30 17:00:00,69.88102626663061,mock
2025-04-30 18:00:00,44.80072252179589,mock
2025-04-30 19:00:00,42.13464893370668,mock
2025-04-30 20:00:00,35.101738436971246,mock
2025-04-30 21:00:00,54.12250512920358,mock
2025-04-30 22:00:00,57.020949611740896,mock
2025-04-30 23:00:00,59.030128378741196,mock
2025-05-01 00:00:00,38.09746439456161,mock
2025-05-01 01:00:00,40.43586213229403,mock
2025-05-01 02:00:00,66.72616016522028,mock
2025-05-01 03:00:00,38.73327302005559,mock
2025-05-01 04:00:00,32.224929922488734,mock
2025-05-01 05:00:00,68.24049334739647,mock
2025-05-01 06:00:00,39.08830209781744,mock
2025-05-01 07:00:00,30.954167987082283,mock
2025-05-01 08:00:00,66.7616302308096,mock
2025-05-01 09:00:00,37.1831696164883,mock
2025-05-01 10:00:00,66.52022592369337,mock
2025-05-01 11:00:00,51.97579222952064,mock
2025-05-01 12:00:00,30.28007898066869,mock
2025-05-01 13:00:00,69.44261190467745,mock
2025-05-01 14:00:00,38.9018930033198,mock
2025-05-01 15:00:00,37.104827243958624,mock
2025-05-01 16:00:00,44.03665187470896,mock
2025-05-01 17:00:00,30.64834548550651,mock
2025-05-01 18:00:00,54.40777161071358,mock
2025-05-01 19:00:00,67.570520772268,mock
2025-05-01 20:00:00,49.5212241492785,mock
2025-05-01 21:00:00,37.02812422024283,mock
2025-05-01 22:00:00,46.75005318897635,mock
2025-05-01 23:00:00,52.233543268973875,mock
2025-05-02 00:00:00,52.71670152056444,mock
2025-05-02 01:00:00,40.203156505996546,mock
2025-05-02 02:00:00,43.85699767356421,mock
2025-05-02 03:00:00,44.041630448118795,mock
2025-05-02 04:00:00,64.81938486515813,mock
2025-05-02 05:00:00,58.00515942885477,mock
2025-05-02 06:00:00,48.066354325292366,mock
2025-05-02 07:00:00,45.53433558784788,mock
2025-05-02 08:00:00,36.68289671883306,mock
2025-05-02 09:00:00,66.98674549191792,mock
2025-05-02 10:00:00,33.38412684025454,mock
2025-05-02 11:00:00,36.73213781228709,mock
2025-05-02 12:00:00,30.86641459395488,mock
2025-05-02 13:00:00,37.45400150820323,mock
2025-05-02 14:00:00,37.56341697698103,mock
2025-05-02 15:00:00,30.978455806413535,mock
2025-05-02 16:00:00,59.800152263762584,mock
2025-05-02 17:00:00,61.08465630601825,mock
2025-05-02 18:00:00,50.385715926786666,mock
2025-05-02 19:00:00,38.837575033387125,mock
2025-05-02 20:00:00,30.249042069463037,mock
2025-05-02 21:00:00,34.787610086825275,mock
2025-05-02 22:00:00,44.185043674592094,mock
2025-05-02 23:00:00,57.92610159836424,mock
2025-05-03 00:00:00,41.910484542763804,mock
2025-05-03 01:00:00,44.92557633824246,mock
2025-05-03 02:00:00,43.758092109342314,mock
2025-05-03 03:00:00,62.281652869370504,mock
2025-05-03 04:00:00,42.026709424442586,mock
2025-05-03 05:00:00,57.69048008588197,mock
2025-05-03 06:00:00,40.321529871340545,mock
2025-05-03 07:00:00,54.99500882345555,mock
2025-05-03 08:00:00,31.992357177721775,mock
2025-05-03 09:00:00,67.69584821782898,mock
2025-05-03 10:00:00,34.116252771671675,mock
2025-05-03 11:00:00,42.21958569817154,mock
2025-05-03 12:00:00,37.81141820241232,mock
2025-05-03 13:00:00,37.98336250393703,mock
2025-05-03 14:00:00,40.6369420655772,mock
2025-05-03 15:00:00,38.3644593557412,mock
2025-05-03 16:00:00,48.48908757484688,mock
2025-05-03 17:00:00,69.86361139245514,mock
2025-05-03 18:00:00,43.255879577632435,mock
2025-05-03 19:00:00,38.03575119974661,mock
2025-05-03 20:00:00,34.0247251405513,mock
2025-05-03 21:00:00,43.97131956019303,mock
2025-05-03 22:00:00,52.95900443053758,mock
2025-05-03 23:00:00,31.132881408503454,mock
2025-05-04 00:00:00,47.51568365397115,mock
2025-05-04 01:00:00,66.8051227595604,mock
2025-05-04 02:00:00,32.983437833466525,mock
2025-05-04 03:00:00,37.0868026455712,mock
2025-05-04 04:00:00,34.63415500618814,mock
2025-05-04 05:00:00,31.4892755645074,mock
2025-05-04 06:00:00,36.43044459797779,mock
2025-05-04 07:00:00,57.9329371676688,mock
2025-05-04 08:00:00,45.94392312167088,mock
2025-05-04 09:00:00,30.604809958858983,mock
2025-05-04 10:00:00,36.391277855016924,mock
2025-05-04 11:00:00,50.26068155154963,mock
2025-05-04 12:00:00,63.814683444471136,mock
2025-05-04 13:00:00,39.26618126300022,mock
2025-05-04 14:00:00,38.3905874683153,mock
2025-05-04 15:00:00,30.242327102913155,mock
2025-05-04 16:00:00,64.28161728295144,mock
2025-05-04 17:00:00,43.219915329320344,mock
2025-05-04 18:00:00,55.37501169710842,mock
2025-05-04 19:00:00,57.95435666715389,mock
2025-05-04 20:00:00,50.554881164977495,mock
2025-05-04 21:00:00,64.3382209993996,mock
2025-05-04 22:00:00,63.898321657922345,mock
2025-05-04 23:00:00,49.333643887521674,mock
2025-05-05 00:00:00,33.17503045249592,mock
2025-05-05 01:00:00,54.29263100656033,mock
2025-05-05 02:00:00,40.52251425873493,mock
2025-05-05 03:00:00,61.813559779262846,mock
2025-05-05 04:00:00,38.40343615065443,mock
2025-05-05 05:00:00,60.571768205099055,mock
2025-05-05 06:00:00,53.8477247964621,mock
2025-05-05 07:00:00,55.430685890695784,mock
2025-05-05 08:00:00,59.1629968473876,mock
2025-05-05 09:00:00,47.59555335787586,mock
2025-05-05 10:00:00,60.2546634558127,mock
2025-05-05 11:00:00,61.04962018524245,mock
2025-05-05 12:00:00,33.74314469635192,mock
2025-05-05 13:00:00,56.05426468944451,mock
2025-05-05 14:00:00,52.44959816171183,mock
2025-05-05 15:00:00,52.84546417381047,mock
2025-05-05 16:00:00,65.47103005562414,mock
2025-05-05 17:00:00,38.55631446682716,mock
2025-05-05 18:00:00,35.404838245152725,mock
2025-05-05 19:00:00,62.6156152974117,mock
2025-05-05 20:00:00,41.12265168803529,mock
2025-05-05 21:00:00,59.569229133024486,mock
2025-05-05 22:00:00,57.42540984610017,mock
2025-05-05 23:00:00,57.42477985114127,mock
2025-05-06 00:00:00,39.612720806386065,mock
2025-05-06 01:00:00,59.34982306640498,mock
2025-05-06 02:00:00,41.310553291459904,mock
2025-05-06 03:00:00,65.3807196411304,mock
2025-05-06 04:00:00,42.40218029732306,mock
2025-05-06 05:00:00,48.46535971995182,mock
2025-05-06 06:00:00,41.456273756181275,mock
2025-05-06 07:00:00,53.03716860131516,mock
2025-05-06 08:00:00,36.03925109271231,mock
2025-05-06 09:00:00,39.46273293876641,mock
2025-05-06 10:00:00,63.22153980237792,mock
2025-05-06 11:00:00,57.3584396454372,mock
2025-05-06 12:00:00,32.6628073644016,mock
2025-05-06 13:00:00,37.86968981262275,mock
2025-05-06 14:00:00,31.989751745753907,mock
2025-05-06 15:00:00,52.39968289949587,mock
2025-05-06 16:00:00,57.46705051562538,mock
2025-05-06 17:00:00,40.43753532159471,mock
2025-05-06 18:00:00,63.86806482557332,mock
2025-05-06 19:00:00,54.63995512107033,mock
2025-05-06 20:00:00,59.97784063651495,mock
2025-05-06 21:00:00,35.05029356584264,mock
2025-05-06 22:00:00,34.364714697870696,mock
2025-05-06 23:00:00,67.11364228810771,mock
2025-05-07 00:00:00,51.462329339463125,mock
2025-05-07 01:00:00,30.241791782949612,mock
2025-05-07 02:00:00,50.67244340209349,mock
2025-05-07 03:00:00,66.25375398426144,mock
2025-05-07 04:00:00,52.220916130790116,mock
2025-05-07 05:00:00,53.79333371353449,mock
2025-05-07 06:00:00,57.971488861306234,mock
2025-05-07 07:00:00,30.1502890650669,mock
2025-05-07 08:00:00,32.624097180078444,mock
2025-05-07 09:00:00,50.14794947001324,mock
2025-05-07 10:00:00,30.447198469546866,mock
2025-05-07 11:00:00,47.663444607991245,mock
2025-05-07 12:00:00,38.1836100834294,mock
2025-05-07 13:00:00,53.075424452792674,mock
2025-05-07 14:00:00,49.528094628666615,mock
2025-05-07 15:00:00,57.07923190125173,mock
2025-05-07 16:00:00,58.32725739759861,mock
2025-05-07 17:00:00,36.36246935461174,mock
2025-05-07 18:00:00,62.07160962675691,mock
2025-05-07 19:00:00,63.49198225845786,mock
2025-05-07 20:00:00,65.486949345308,mock
2025-05-07 21:00:00,52.86163250469947,mock
2025-05-07 22:00:00,68.43722980996378,mock
2025-05-07 23:00:00,66.04711490483797,mock
2025-05-08 00:00:00,53.55756063829757,mock
2025-05-08 01:00:00,59.95265857589667,mock
2025-05-08 02:00:00,52.157630536219855,mock
2025-05-08 03:00:00,59.59511678665794,mock
2025-05-08 04:00:00,63.63591625504459,mock
2025-05-08 05:00:00,67.84559805338566,mock
2025-05-08 06:00:00,50.29935580221796,mock
2025-05-08 07:00:00,55.78783703480062,mock
2025-05-08 08:00:00,67.11242456921534,mock
2025-05-08 09:00:00,66.12468172391112,mock
2025-05-08 10:00:00,60.36663094886946,mock
2025-05-08 11:00:00,33.882906439353995,mock
2025-05-08 12:00:00,33.07611908102765,mock
2025-05-08 13:00:00,66.33224077662732,mock
2025-05-08 14:00:00,59.37235147145196,mock
2025-05-08 15:00:00,59.85431138386818,mock
2025-05-08 16:00:00,32.15056905397824,mock
2025-05-08 17:00:00,65.46261432693731,mock
2025-05-08 18:00:00,49.52626746410168,mock
2025-05-08 19:00:00,65.70649543424227,mock
2025-05-08 20:00:00,35.07812722128182,mock
2025-05-08 21:00:00,52.59519621947287,mock
2025-05-08 22:00:00,58.84645150492338,mock
2025-05-08 23:00:00,59.40330378196921,mock
2025-05-09 00:00:00,50.017677130373954,mock
2025-05-09 01:00:00,57.55704532734748,mock
2025-05-09 02:00:00,43.60295038741215,mock
2025-05-09 03:00:00,53.714420205468656,mock
2025-05-09 04:00:00,54.863646730235004,mock
2025-05-09 05:00:00,43.28435990396698,mock
2025-05-09 06:00:00,35.40858436591381,mock
2025-05-09 07:00:00,50.775311636070874,mock
2025-05-09 08:00:00,54.350168685833516,mock
2025-05-09 09:00:00,34.666071132950215,mock
2025-05-09 10:00:00,43.63794960546254,mock
2025-05-09 11:00:00,51.891962484214744,mock
2025-05-09 12:00:00,31.696943582260992,mock
2025-05-09 13:00:00,57.74232041098854,mock
2025-05-09 14:00:00,33.71494636379181,mock
2025-05-09 15:00:00,69.33676130014601,mock
2025-05-09 16:00:00,31.872511580827908,mock
2025-05-09 17:00:00,41.8981599346413,mock
2025-05-09 18:00:00,50.670492759687164,mock
2025-05-09 19:00:00,30.423454645575756,mock
2025-05-09 20:00:00,57.81776197332646,mock
2025-05-09 21:00:00,53.74445132786419,mock
2025-05-09 22:00:00,69.24974177365844,mock
2025-05-09 23:00:00,38.19437446883122,mock
2025-05-10 00:00:00,31.845534775295214,mock
2025-05-10 01:00:00,31.006302799146432,mock
2025-05-10 02:00:00,69.54651125653109,mock
2025-05-10 03:00:00,45.58217839893932,mock
2025-05-10 04:00:00,61.62951118272491,mock
2025-05-10 05:00:00,62.251243624839695,mock
2025-05-10 06:00:00,47.636229269602694,mock
2025-05-10 07:00:00,42.5371852055386,mock
2025-05-10 08:00:00,67.67544468365678,mock
2025-05-10 09:00:00,34.045952987163844,mock
2025-05-10 10:00:00,61.80973852792705,mock
2025-05-10 11:00:00,30.453442706026106,mock
2025-05-10 12:00:00,43.2615669345801,mock
2025-05-10 13:00:00,41.163804239987044,mock
2025-05-10 14:00:00,65.97387554284909,mock
2025-05-10 15:00:00,52.591205228476994,mock
2025-05-10 16:00:00,59.60777111692424,mock
2025-05-10 17:00:00,64.34310953210539,mock
2025-05-10 18:00:00,69.28594562912124,mock
2025-05-10 19:00:00,68.13842633828742,mock
2025-05-10 20:00:00,35.02327892844466,mock
2025-05-10 21:00:00,56.41480404728344,mock
2025-05-10 22:00:00,65.59141312302162,mock
2025-05-10 23:00:00,39.01160051226995,mock
2025-05-11 00:00:00,55.67626489825795,mock
2025-05-11 01:00:00,47.75490824978865,mock
2025-05-11 02:00:00,41.596441593521135,mock
2025-05-11 03:00:00,41.69847423295449,mock
2025-05-11 04:00:00,48.95198422202723,mock
2025-05-11 05:00:00,62.7649939112401,mock
2025-05-11 06:00:00,54.699736697444905,mock
2025-05-11 07:00:00,37.75352321816248,mock
2025-05-11 08:00:00,69.23774080862918,mock
2025-05-11 09:00:00,36.68490666298831,mock
2025-05-11 10:00:00,53.82569903199985,mock
2025-05-11 11:00:00,50.16188048498,mock
2025-05-11 12:00:00,53.28853002592224,mock
2025-05-11 13:00:00,67.38664618788667,mock
2025-05-11 14:00:00,60.44580218086314,mock
2025-05-11 15:00:00,52.330370040016035,mock
2025-05-11 16:00:00,52.536305136188744,mock
2025-05-11 17:00:00,38.39250679171214,mock
2025-05-11 18:00:00,50.109680646532205,mock
2025-05-11 19:00:00,30.88399438611704,mock
2025-05-11 20:00:00,62.816979445788995,mock
2025-05-11 21:00:00,51.59270664867778,mock
2025-05-11 22:00:00,41.58527266250028,mock
2025-05-11 23:00:00,55.4585138061761,mock
2025-05-12 00:00:00,43.75415589967505,mock
2025-05-12 01:00:00,37.47363227010733,mock
2025-05-12 02:00:00,67.44676666802108,mock
2025-05-12 03:00:00,31.853665518004068,mock
2025-05-12 04:00:00,60.59424519958372,mock
2025-05-12 05:00:00,68.1073462533762,mock
2025-05-12 06:00:00,34.53610064793591,mock
2025-05-12 07:00:00,63.78689483410958,mock
2025-05-12 08:00:00,49.65898479076117,mock
2025-05-12 09:00:00,58.59642987483602,mock
2025-05-12 10:00:00,58.87382562692807,mock
2025-05-12 11:00:00,34.87440424240066,mock
2025-05-12 12:00:00,52.34412070949517,mock
2025-05-12 13:00:00,64.05431909822158,mock
2025-05-12 14:00:00,45.14010828612818,mock
2025-05-12 15:00:00,55.41719116715515,mock
2025-05-12 16:00:00,47.986547993931126,mock
2025-05-12 17:00:00,32.4494741139987,mock
2025-05-12 18:00:00,36.012728410018205,mock
2025-05-12 19:00:00,31.398419650975153,mock
2025-05-12 20:00:00,69.8728731305826,mock
2025-05-12 21:00:00,36.82049962293431,mock
2025-05-12 22:00:00,40.51357656562714,mock
2025-05-12 23:00:00,37.5420443332277,mock
2025-05-13 00:00:00,40.04203703617746,mock
2025-05-13 01:00:00,30.534673159652023,mock
2025-05-13 02:00:00,44.440812388956374,mock
2025-05-13 03:00:00,62.78209838029898,mock
2025-05-13 04:00:00,45.857647809041566,mock
2025-05-13 05:00:00,57.205793818093554,mock
2025-05-13 06:00:00,58.63583372544634,mock
2025-05-13 07:00:00,40.69651156109208,mock
2025-05-13 08:00:00,43.96539825222649,mock
2025-05-13 09:00:00,63.5203102584257,mock
2025-05-13 10:00:00,54.881573104114864,mock
2025-05-13 11:00:00,59.842785138856094,mock
2025-05-13 12:00:00,66.38188751326447,mock
2025-05-13 13:00:00,44.546972215046566,mock
2025-05-13 14:00:00,62.38684100552231,mock
2025-05-13 15:00:00,69.66105981340283,mock
2025-05-13 16:00:00,58.266345839832525,mock
2025-05-13 17:00:00,31.050839133246445,mock
2025-05-13 18:00:00,56.908877630060246,mock
2025-05-13 19:00:00,45.212801602195455,mock
2025-05-13 20:00:00,31.83659904505575,mock
2025-05-13 21:00:00,57.77605153930412,mock
2025-05-13 22:00:00,44.454341097836306,mock
2025-05-13 23:00:00,67.93489165116193,mock
2025-05-14 00:00:00,53.76019355214778,mock
2025-05-14 01:00:00,41.45187573351724,mock
2025-05-14 02:00:00,53.088985851486754,mock
2025-05-14 03:00:00,56.220275066916656,mock
2025-05-14 04:00:00,37.20103107305621,mock
2025-05-14 05:00:00,43.54998355106405,mock
2025-05-14 06:00:00,50.971055682906076,mock
2025-05-14 07:00:00,66.0567525341863,mock
2025-05-14 08:00:00,61.37401394970198,mock
2025-05-14 09:00:00,39.73593784020842,mock
2025-05-14 10:00:00,60.23502342893285,mock
2025-05-14 11:00:00,53.33757312345075,mock
2025-05-14 12:00:00,41.6977446098135,mock
2025-05-14 13:00:00,53.23198980705452,mock
2025-05-14 14:00:00,56.537275816171274,mock
2025-05-14 15:00:00,48.676721058176454,mock
2025-05-14 16:00:00,49.04520657829251,mock
2025-05-14 17:00:00,69.457513749924,mock
2025-05-14 18:00:00,47.843882953258884,mock
2025-05-14 19:00:00,41.44525850673008,mock
2025-05-14 20:00:00,42.032316257368045,mock
2025-05-14 21:00:00,51.06012828262463,mock
2025-05-14 22:00:00,55.653358185499684,mock
2025-05-14 23:00:00,40.299554898110955,mock
2025-05-15 00:00:00,66.94007858128577,mock
2025-05-15 01:00:00,64.31892252443602,mock
2025-05-15 02:00:00,56.59767133689461,mock
2025-05-15 03:00:00,41.51262242857456,mock
2025-05-15 04:00:00,61.2312562369502,mock
2025-05-15 05:00:00,52.29440172846844,mock
2025-05-15 06:00:00,55.031866494211826,mock
2025-05-15 07:00:00,65.07852089145254,mock
2025-05-15 08:00:00,69.35159887517406,mock
2025-05-15 09:00:00,48.009807519820505,mock
2025-05-15 10:00:00,65.00965672965125,mock
2025-05-15 11:00:00,35.83168901119014,mock
2025-05-15 12:00:00,64.55406538149941,mock
2025-05-15 13:00:00,36.79394023572844,mock
2025-05-15 14:00:00,60.435833393431096,mock
2025-05-15 15:00:00,69.58655812125141,mock
2025-05-15 16:00:00,47.20006688418809,mock
2025-05-15 17:00:00,48.84301180871158,mock
2025-05-15 18:00:00,37.52027095220127,mock
2025-05-15 19:00:00,36.9779545812107,mock
2025-05-15 20:00:00,46.702947295735264,mock
2025-05-15 21:00:00,38.72346249936753,mock
2025-05-15 22:00:00,47.57831687303031,mock
2025-05-15 23:00:00,62.836942457396496,mock
2025-05-16 00:00:00,57.252467254857805,mock
2025-05-16 01:00:00,63.19550671184338,mock
2025-05-16 02:00:00,32.95540669097622,mock
2025-05-16 03:00:00,56.77941388451657,mock
2025-05-16 04:00:00,68.11113901820414,mock
2025-05-16 05:00:00,31.949247538637827,mock
2025-05-16 06:00:00,38.57746905861404,mock
2025-05-16 07:00:00,57.732629337985784,mock
2025-05-16 08:00:00,52.58003803507876,mock
2025-05-16 09:00:00,63.28932362438488,mock
2025-05-16 10:00:00,57.480136026589015,mock
2025-05-16 11:00:00,43.68805915883797,mock
2025-05-16 12:00:00,69.78222511248245,mock
2025-05-16 13:00:00,35.7015733272424,mock
2025-05-16 14:00:00,68.24586570650797,mock
2025-05-16 15:00:00,63.38457494630899,mock
2025-05-16 16:00:00,47.24835734868111,mock
2025-05-16 17:00:00,51.60577916376293,mock
2025-05-16 18:00:00,39.723319446183396,mock
2025-05-16 19:00:00,34.786068939738335,mock
2025-05-16 20:00:00,56.50353199983953,mock
2025-05-16 21:00:00,52.179007247117056,mock
2025-05-16 22:00:00,68.05957011911845,mock
2025-05-16 23:00:00,30.24517777371775,mock
2025-05-17 00:00:00,57.10260694196241,mock
2025-05-17 01:00:00,69.90686991115423,mock
2025-05-17 02:00:00,37.03372093782729,mock
2025-05-17 03:00:00,43.491665112567716,mock
2025-05-17 04:00:00,58.14686709018463,mock
2025-05-17 05:00:00,31.486463066271853,mock
2025-05-17 06:00:00,54.06450697034297,mock
2025-05-17 07:00:00,46.63460496429836,mock
2025-05-17 08:00:00,56.92727200155931,mock
2025-05-17 09:00:00,33.1447650246796,mock
2025-05-17 10:00:00,35.43674467571222,mock
2025-05-17 11:00:00,48.05844066984453,mock
2025-05-17 12:00:00,54.90906337402947,mock
2025-05-17 13:00:00,69.6439632507282,mock
2025-05-17 14:00:00,52.43088693726106,mock
2025-05-17 15:00:00,40.04399623985098,mock
2025-05-17 16:00:00,60.249492614691995,mock
2025-05-17 17:00:00,49.06199982112732,mock
2025-05-17 18:00:00,48.82313521735379,mock
2025-05-17 19:00:00,33.66438815091649,mock
2025-05-17 20:00:00,66.7764219537606,mock
2025-05-17 21:00:00,36.747009459579736,mock
2025-05-17 22:00:00,42.97349117406462,mock
2025-05-17 23:00:00,50.78935283248633,mock
2025-05-18 00:00:00,65.29677087359295,mock
2025-05-18 01:00:00,64.90157820776503,mock
2025-05-18 02:00:00,41.69134580583868,mock
2025-05-18 03:00:00,38.10394559608349,mock
2025-05-18 04:00:00,57.21895560657339,mock
2025-05-18 05:00:00,40.95337836269306,mock
2025-05-18 06:00:00,54.527920464578365,mock
2025-05-18 07:00:00,56.815431091543495,mock
2025-05-18 08:00:00,37.1011085110577,mock
2025-05-18 09:00:00,40.041790999892505,mock
2025-05-18 10:00:00,66.37938961212438,mock
2025-05-18 11:00:00,54.70800674099912,mock
2025-05-18 12:00:00,68.72055127182031,mock
2025-05-18 13:00:00,42.176777080301896,mock
2025-05-18 14:00:00,34.6693796253819,mock
2025-05-18 15:00:00,57.16854453674321,mock
2025-05-18 16:00:00,52.15360322409451,mock
2025-05-18 17:00:00,50.64333569827109,mock
2025-05-18 18:00:00,37.262881367293694,mock
2025-05-18 19:00:00,58.87882050179456,mock
2025-05-18 20:00:00,58.931615543207606,mock
2025-05-18 21:00:00,41.67902244538435,mock
2025-05-18 22:00:00,32.43074032445168,mock
2025-05-18 23:00:00,63.54692854907846,mock
2025-05-19 00:00:00,35.20357196684122,mock
2025-05-19 01:00:00,59.94786581117379,mock
2025-05-19 02:00:00,41.45679935307239,mock
2025-05-19 03:00:00,67.57976439883743,mock
2025-05-19 04:00:00,57.63013632920038,mock
2025-05-19 05:00:00,64.8740213289773,mock
2025-05-19 06:00:00,44.97690066068853,mock
2025-05-19 07:00:00,63.33628879157984,mock
2025-05-19 08:00:00,58.49879831372102,mock
2025-05-19 09:00:00,34.74375142810659,mock
2025-05-19 10:00:00,64.52262760805648,mock
2025-05-19 11:00:00,30.03096988808535,mock
2025-05-19 12:00:00,60.41032747344042,mock
2025-05-19 13:00:00,58.95927611893044,mock
2025-05-19 14:00:00,67.29228976015355,mock
2025-05-19 15:00:00,36.85149486150995,mock
2025-05-19 16:00:00,41.866819045680614,mock
2025-05-19 17:00:00,51.468847022290944,mock
2025-05-19 18:00:00,33.61137674585545,mock
2025-05-19 19:00:00,56.17632003612297,mock
2025-05-19 20:00:00,49.64074909419027,mock
2025-05-19 21:00:00,64.21958425273155,mock
2025-05-19 22:00:00,30.82107372609032,mock
2025-05-19 23:00:00,36.93318396805975,mock
2025-05-20 00:00:00,58.82785476938987,mock
2025-05-20 01:00:00,61.42195055970076,mock
2025-05-20 02:00:00,55.6208087026171,mock
2025-05-20 03:00:00,67.37356853194152,mock
2025-05-20 04:00:00,49.36854451697097,mock
2025-05-20 05:00:00,43.16974850807801,mock
2025-05-20 06:00:00,60.90790337781759,mock
2025-05-20 07:00:00,51.50676221751691,mock
2025-05-20 08:00:00,32.508218904605855,mock
2025-05-20 09:00:00,46.156564416924034,mock
2025-05-20 10:00:00,47.67665264284433,mock
2025-05-20 11:00:00,67.11603283153019,mock
2025-05-20 12:00:00,47.51493624156353,mock
2025-05-20 13:00:00,32.516505082075675,mock
2025-05-20 14:00:00,34.057225446450445,mock
2025-05-20 15:00:00,34.08861923365531,mock
2025-05-20 16:00:00,50.163476678114165,mock
2025-05-20 17:00:00,50.076339382591165,mock
2025-05-20 18:00:00,54.609192321735755,mock
2025-05-20 19:00:00,36.7028084218532,mock
2025-05-20 20:00:00,69.68714721887059,mock
2025-05-20 21:00:00,36.13610277800145,mock
2025-05-20 22:00:00,31.44415758385723,mock
2025-05-20 23:00:00,35.96296124983374,mock
2025-05-21 00:00:00,45.50628983964523,mock
2025-05-21 01:00:00,44.53893829137209,mock
2025-05-21 02:00:00,57.29872210910676,mock
2025-05-21 03:00:00,40.361898957849114,mock
2025-05-21 04:00:00,57.863214474233835,mock
2025-05-21 05:00:00,54.941296977075964,mock
2025-05-21 06:00:00,35.47434675987649,mock
2025-05-21 07:00:00,44.780896051955644,mock
2025-05-21 08:00:00,44.79979196577373,mock
2025-05-21 09:00:00,67.77110657609731,mock
2025-05-21 10:00:00,46.50710057065515,mock
2025-05-21 11:00:00,57.458441018592396,mock
2025-05-21 12:00:00,69.42114848999634,mock
2025-05-21 13:00:00,41.82074043923432,mock
2025-05-21 14:00:00,60.40831194422766,mock
2025-05-21 15:00:00,49.824542678169855,mock
2025-05-21 16:00:00,55.92501477729251,mock
2025-05-21 17:00:00,38.404477600367585,mock
2025-05-21 18:00:00,31.7665399409691,mock
2025-05-21 19:00:00,43.76310791348232,mock
2025-05-21 20:00:00,67.97738471644809,mock
2025-05-21 21:00:00,66.83105685904673,mock
2025-05-21 22:00:00,51.85294784727988,mock
2025-05-21 23:00:00,39.28050317621919,mock
2025-05-22 00:00:00,34.97201834733739,mock
2025-05-22 01:00:00,66.1933601191991,mock
2025-05-22 02:00:00,51.98399996006531,mock
2025-05-22 03:00:00,52.596487686136115,mock
2025-05-22 04:00:00,38.81434216893067,mock
2025-05-22 05:00:00,47.22756540136483,mock
2025-05-22 06:00:00,49.04802060836376,mock
2025-05-22 07:00:00,34.49841165062155,mock
2025-05-22 08:00:00,33.85746812070471,mock
2025-05-22 09:00:00,58.39116497626263,mock
2025-05-22 10:00:00,49.44577450658737,mock
2025-05-22 11:00:00,44.846053227473064,mock
2025-05-22 12:00:00,52.21916709594524,mock
2025-05-22 13:00:00,68.66030935795209,mock
2025-05-22 14:00:00,44.09687192445054,mock
2025-05-22 15:00:00,42.1434661910879,mock
2025-05-22 16:00:00,35.61003419747283,mock
2025-05-22 17:00:00,39.5430313727979,mock
2025-05-22 18:00:00,46.25829939516777,mock
2025-05-22 19:00:00,47.573227487242725,mock
2025-05-22 20:00:00,69.69291669330829,mock
2025-05-22 21:00:00,55.575803832916584,mock
2025-05-22 22:00:00,69.30579145082521,mock
2025-05-22 23:00:00,39.62557979872519,mock
2025-05-23 00:00:00,32.391987064334614,mock
2025-05-23 01:00:00,43.645705858244156,mock
2025-05-23 02:00:00,58.94303349436622,mock
2025-05-23 03:00:00,58.16930428563009,mock
2025-05-23 04:00:00,48.67339862712056,mock
2025-05-23 05:00:00,64.48453642693266,mock
2025-05-23 06:00:00,59.027770436328495,mock
2025-05-23 07:00:00,52.628152179828135,mock
2025-05-23 08:00:00,50.75597183908025,mock
2025-05-23 09:00:00,39.10146233935519,mock
2025-05-23 10:00:00,63.50000110643643,mock
2025-05-23 11:00:00,55.08472656565614,mock
2025-05-23 12:00:00,36.56362787242848,mock
2025-05-23 13:00:00,40.52072671497967,mock
2025-05-23 14:00:00,50.59893922990966,mock
2025-05-23 15:00:00,68.96377909836359,mock
2025-05-23 16:00:00,55.360088148265,mock
2025-05-23 17:00:00,46.475979045476876,mock
2025-05-23 18:00:00,39.60809770985972,mock
2025-05-23 19:00:00,60.014760845509166,mock
2025-05-23 20:00:00,59.83447168077468,mock
2025-05-23 21:00:00,33.5628829731997,mock
2025-05-23 22:00:00,63.424937675010625,mock
2025-05-23 23:00:00,30.44584656318183,mock
2025-05-24 00:00:00,34.205365966430485,mock
2025-05-24 01:00:00,45.10538563323531,mock
2025-05-24 02:00:00,55.62410001186821,mock
2025-05-24 03:00:00,67.4997076615648,mock
2025-05-24 04:00:00,37.50436773676781,mock
2025-05-24 05:00:00,69.11883719972585,mock
2025-05-24 06:00:00,68.42523688481432,mock
2025-05-24 07:00:00,61.73704127229817,mock
2025-05-24 08:00:00,52.422357904348665,mock
2025-05-24 09:00:00,31.776031011351495,mock
2025-05-24 10:00:00,41.93335591799226,mock
2025-05-24 11:00:00,68.49004006679402,mock
2025-05-24 12:00:00,67.19878611060997,mock
2025-05-24 13:00:00,57.912626512199154,mock
2025-05-24 14:00:00,66.30022211524195,mock
2025-05-24 15:00:00,69.9841410027153,mock
2025-05-24 16:00:00,66.88499517866222,mock
2025-05-24 17:00:00,38.791263376251415,mock
2025-05-24 18:00:00,32.77693615656147,mock
2025-05-24 19:00:00,69.20644592718088,mock
2025-05-24 20:00:00,69.8669937560734,mock
2025-05-24 21:00:00,48.30659700312778,mock
2025-05-24 22:00:00,59.796332325064206,mock
2025-05-24 23:00:00,59.409180099466205,mock
2025-05-25 00:00:00,53.76072884612498,mock
2025-05-25 01:00:00,54.22360615547123,mock
2025-05-25 02:00:00,60.842407748328654,mock
2025-05-25 03:00:00,61.72823638175821,mock
2025-05-25 04:00:00,30.607040675926413,mock
2025-05-25 05:00:00,31.03878285189689,mock
2025-05-25 06:00:00,32.97786845036238,mock
2025-05-25 07:00:00,30.352889534416327,mock
2025-05-25 08:00:00,34.581410688467585,mock
2025-05-25 09:00:00,36.66664424887846,mock
2025-05-25 10:00:00,33.73538700697172,mock
2025-05-25 11:00:00,48.20230767471347,mock
2025-05-25 12:00:00,43.020371789268154,mock
2025-05-25 13:00:00,61.76885524893396,mock
2025-05-25 14:00:00,40.01181274380836,mock
2025-05-25 15:00:00,40.674482660364276,mock
2025-05-25 16:00:00,50.23892121879243,mock
2025-05-25 17:00:00,32.62902934773169,mock
2025-05-25 18:00:00,53.93228666433757,mock
2025-05-25 19:00:00,57.39289218439738,mock
2025-05-25 20:00:00,50.19606690967707,mock
2025-05-25 21:00:00,39.779864638681346,mock
2025-05-25 22:00:00,51.171079019738784,mock
2025-05-25 23:00:00,30.429174466643595,mock
2025-05-26 00:00:00,52.2230531544076,mock
2025-05-26 01:00:00,45.848642545196945,mock
2025-05-26 02:00:00,38.11546733303656,mock
2025-05-26 03:00:00,59.44282475414887,mock
2025-05-26 04:00:00,56.35899216841359,mock
2025-05-26 05:00:00,33.08553478913379,mock
2025-05-26 06:00:00,60.444460613215426,mock
2025-05-26 07:00:00,36.96183116171739,mock
2025-05-26 08:00:00,44.91549037540724,mock
2025-05-26 09:00:00,61.170550353948734,mock
2025-05-26 10:00:00,57.55301298441282,mock
2025-05-26 11:00:00,40.73518435272962,mock
2025-05-26 12:00:00,69.7013463169146,mock
2025-05-26 13:00:00,31.692775943445017,mock
2025-05-26 14:00:00,45.203341492309725,mock
2025-05-26 15:00:00,69.45959999712832,mock
2025-05-26 16:00:00,55.20448826323978,mock
2025-05-26 17:00:00,54.28141912558702,mock
2025-05-26 18:00:00,57.395689244345114,mock
2025-05-26 19:00:00,39.77333652627081,mock
2025-05-26 20:00:00,43.34130905738254,mock
2025-05-26 21:00:00,60.36342081615094,mock
2025-05-26 22:00:00,62.60707437967172,mock
2025-05-26 23:00:00,56.17485898721691,mock
2025-05-27 00:00:00,45.70958281567857,mock
2025-05-27 01:00:00,40.5348085331877,mock
2025-05-27 02:00:00,51.24835077058336,mock
2025-05-27 03:00:00,63.06280814093847,mock
2025-05-27 04:00:00,37.058976379881656,mock
2025-05-27 05:00:00,40.09323764928446,mock
2025-05-27 06:00:00,58.75794088695252,mock
2025-05-27 07:00:00,50.77803237609893,mock
2025-05-27 08:00:00,40.96066822467605,mock
2025-05-27 09:00:00,50.350998110500356,mock
2025-05-27 10:00:00,41.93122993932627,mock
2025-05-27 11:00:00,32.47937389401055,mock
2025-05-27 12:00:00,38.4734695105087,mock
2025-05-27 13:00:00,39.39843536887746,mock
2025-05-27 14:00:00,49.213377434989184,mock
2025-05-27 15:00:00,54.974183818459665,mock
2025-05-27 16:00:00,62.51525790273052,mock
2025-05-27 17:00:00,38.45873538959333,mock
2025-05-27 18:00:00,55.033594879670574,mock
2025-05-27 19:00:00,54.63818844123897,mock
2025-05-27 20:00:00,51.02685056156263,mock
2025-05-27 21:00:00,40.035311773939966,mock
2025-05-27 22:00:00,47.30995259681108,mock
2025-05-27 23:00:00,41.872704684072346,mock
2025-05-28 00:00:00,65.81861443000591,mock
2025-05-28 01:00:00,69.22727724732849,mock
2025-05-28 02:00:00,46.20262451565554,mock
2025-05-28 03:00:00,68.24079693750093,mock
2025-05-28 04:00:00,30.963631029105308,mock
2025-05-28 05:00:00,38.81055875755128,mock
2025-05-28 06:00:00,43.00352236304874,mock
2025-05-28 07:00:00,54.01428577523667,mock
2025-05-28 08:00:00,51.14687211423262,mock
2025-05-28 09:00:00,45.423276653351266,mock
2025-05-28 10:00:00,41.30652136531528,mock
2025-05-28 11:00:00,43.88499402206181,mock
2025-05-28 12:00:00,65.54882743836156,mock
2025-05-28 13:00:00,33.05765343048088,mock
2025-05-28 14:00:00,55.65408635214573,mock
2025-05-28 15:00:00,40.54758274674587,mock
2025-05-28 16:00:00,56.84967052569785,mock
2025-05-28 17:00:00,39.19343381354094,mock
2025-05-28 18:00:00,41.28601243149377,mock
2025-05-28 19:00:00,55.372464559140965,mock
2025-05-28 20:00:00,44.97555955211253,mock
2025-05-28 21:00:00,51.23819278931985,mock
2025-05-28 22:00:00,53.17007286750164,mock
2025-05-28 23:00:00,38.561203494496155,mock
2025-05-29 00:00:00,35.36012375254931,mock
2025-05-29 01:00:00,48.989722162730175,mock
2025-05-29 02:00:00,44.87893962544288,mock
2025-05-29 03:00:00,45.12169172615449,mock
2025-05-29 04:00:00,66.55690632986568,mock
2025-05-29 05:00:00,57.350847844608914,mock
2025-05-29 06:00:00,34.152685643884155,mock
2025-05-29 07:00:00,54.66756892808459,mock
2025-05-29 08:00:00,52.87972322110336,mock
2025-05-29 09:00:00,50.35939665426538,mock
2025-05-29 10:00:00,32.0808357489956,mock
2025-05-29 11:00:00,47.27155619805853,mock
2025-05-29 12:00:00,36.48678731702266,mock
2025-05-29 13:00:00,51.111006634174664,mock
2025-05-29 14:00:00,68.13570003822886,mock
2025-05-29 15:00:00,37.5765055241136,mock
2025-05-29 16:00:00,69.0473999815248,mock
2025-05-29 17:00:00,41.26749679001982,mock
2025-05-29 18:00:00,36.83470587546233,mock
2025-05-29 19:00:00,47.224536557528914,mock
2025-05-29 20:00:00,66.36285826302542,mock
2025-05-29 21:00:00,55.36106514696333,mock
2025-05-29 22:00:00,31.629034538649204,mock
2025-05-29 23:00:00,60.90343691187766,mock
2025-05-30 00:00:00,51.925542961475585,mock
2025-05-30 01:00:00,54.77792186379462,mock
2025-05-30 02:00:00,57.563143185121895,mock
2025-05-30 03:00:00,64.64824877293728,mock
2025-05-30 04:00:00,44.538370489147006,mock
2025-05-30 05:00:00,40.15425009608568,mock
2025-05-30 06:00:00,36.19775714766761,mock
2025-05-30 07:00:00,62.175973033444826,mock
2025-05-30 08:00:00,45.458374532596956,mock
2025-05-30 09:00:00,44.091381855973815,mock
2025-05-30 10:00:00,32.43740120233188,mock
2025-05-30 11:00:00,68.71054635341645,mock
2025-05-30 12:00:00,60.56888823445698,mock
2025-05-30 13:00:00,52.68721741472064,mock
2025-05-30 14:00:00,30.459135890588232,mock
2025-05-30 15:00:00,60.07539523724969,mock
2025-05-30 16:00:00,65.43450633078183,mock
2025-05-30 17:00:00,34.241458378351524,mock
2025-05-30 18:00:00,46.661588195654176,mock
2025-05-30 19:00:00,64.06006702597,mock
2025-05-30 20:00:00,54.94800508913127,mock
2025-05-30 21:00:00,51.31762888289608,mock
2025-05-30 22:00:00,62.057296872114726,mock
2025-05-30 23:00:00,46.334116829763055,mock
2025-05-31 00:00:00,51.33006320713589,mock
2025-05-31 01:00:00,58.428947470805184,mock
2025-05-31 02:00:00,66.48999585721148,mock
2025-05-31 03:00:00,33.62396212178638,mock
2025-05-31 04:00:00,69.21752897231588,mock
2025-05-31 05:00:00,62.481017903819506,mock
2025-05-31 06:00:00,30.970307233348006,mock
2025-05-31 07:00:00,49.18103196921192,mock
2025-05-31 08:00:00,52.075590603033646,mock
2025-05-31 09:00:00,68.59976323367516,mock
2025-05-31 10:00:00,60.420069832669384,mock
2025-05-31 11:00:00,39.25266606082288,mock
2025-05-31 12:00:00,43.00096734183992,mock
2025-05-31 13:00:00,60.29968687702549,mock
2025-05-31 14:00:00,30.92801934485951,mock
2025-05-31 15:00:00,30.41246702710016,mock
2025-05-31 16:00:00,53.52016795509546,mock
2025-05-31 17:00:00,69.27335264015574,mock
2025-05-31 18:00:00,48.05831287826014,mock
2025-05-31 19:00:00,46.72977664130508,mock
2025-05-31 20:00:00,42.68244270881388,mock
2025-05-31 21:00:00,46.16764713650237,mock
2025-05-31 22:00:00,51.438186605547926,mock
2025-05-31 23:00:00,41.70370423042665,mock
